<?xml version="1.0" encoding="utf-8"?> 
<configuration xmlns="http://ns.adobe.com/air/framework/update/configuration/1.0"> 
    <!-- <url>https://rawgit.com/jetendra/update/master/doc/updates/DTDM/PCVersion/Windows/dtdmupdate.xml</url> -->
    <!-- <url>https://cdn.jsdelivr.net/gh/jetendra/update@master/doc/updates/DTDM/PCVersion/Windows/dtdmupdate.xml</url>-->
    <url>https://raw.githubusercontent.com/jetendra/update/master/doc/updates/DTDM/PCVersion/Windows/dtdmupdate.xml</url>
    <delay>1</delay> 
</configuration>